timestamp,0
2018-01-03,0.017458428793234004
2018-01-04,0.04127546695982609
2018-01-05,0.1757916473815615
2018-01-06,0.18535373098884333
2018-01-07,0.11467194180374207
2018-01-08,0.04787878276899482
2018-01-09,0.043197879746186274
2018-01-10,0.0343035980251829
2018-01-11,-0.06395091824611521
2018-01-12,-0.011883925600437606
2018-01-13,0.024395167428101994
2018-01-14,-0.025500982903742586
2018-01-15,-0.038225924797322675
2018-01-16,-0.22063760411046018
2018-01-17,-0.23834830099274318
2018-01-18,-0.22664420518315775
2018-01-19,-0.21434225643129967
2018-01-20,-0.11560202822485655
2018-01-21,-0.2189208558206781
2018-01-22,-0.2664471540093507
2018-01-23,-0.27294466505739845
2018-01-24,-0.24614556478784533
2018-01-25,-0.2483749563312495
2018-01-26,-0.26042916958732076
2018-01-27,-0.2341868222629332
2018-01-28,-0.21159678442115837
2018-01-29,-0.2476461287541667
2018-01-31,-0.3261996923030618
2018-02-01,-0.3154461165712392
2018-02-02,-0.38519343362571545
2018-02-03,-0.40693752893862367
2018-02-04,-0.39265771190893284
2018-02-05,-0.4412984124811298
2018-02-06,-0.5407810352649205
2018-02-07,-0.48044147580972896
2018-02-09,-0.4465950490522377
2018-02-10,-0.4151216669869455
2018-02-11,-0.4207172927407157
2018-02-12,-0.44876445698742495
2018-02-13,-0.40151659590084576
2018-02-14,-0.42700191667017384
2018-02-15,-0.363070642246231
2018-02-16,-0.3216720373998647
2018-02-17,-0.31869686281315734
2018-02-18,-0.26648248779847894
2018-02-19,-0.300222140901939
2018-02-20,-0.26427642021279285
2018-02-21,-0.24360127104411167
2018-02-22,-0.34163765572874316
2018-02-23,-0.3378930928697055
2018-02-24,-0.31894895307421733
2018-02-25,-0.35565672408244764
2018-02-26,-0.3561518257884081
2018-02-27,-0.31610719480090843
2018-02-28,-0.29644784220382236
2018-03-01,-0.32082446939496123
2018-03-02,-0.28942390233305926
2018-03-03,-0.27658041931379074
2018-03-04,-0.262338845937406
2018-03-05,-0.2661581983964447
2018-03-06,-0.2525502461895741
2018-03-07,-0.30221632712616864
2018-03-08,-0.35055651564067436
2018-03-09,-0.3882883374921259
2018-03-10,-0.39550013704622144
2018-03-11,-0.41959309404250855
2018-03-12,-0.3797497626131434
2018-03-13,-0.3986334631726721
2018-03-14,-0.4010494925588517
2018-03-15,-0.4612136119553034
2018-03-16,-0.45804171234851065
2018-03-17,-0.44851316968870947
2018-03-18,-0.4800480184041547
2018-03-19,-0.47253440021297854
2018-03-20,-0.44628319442237496
2018-03-21,-0.42857446956545353
2018-03-22,-0.4253246661835498
2018-03-23,-0.4415732244337346
2018-03-24,-0.4352686222144455
2018-03-25,-0.4485868120437183
2018-03-26,-0.45734089750422935
2018-03-27,-0.4775467638510068
2018-03-28,-0.5022741968161484
2018-03-29,-0.49780486311767513
2018-03-30,-0.5488177185985124
2018-03-31,-0.5619422726925039
2018-04-01,-0.5579364878590014
2018-04-02,-0.5676421179091956
2018-04-03,-0.5520195143575308
2018-04-04,-0.526046132174502
2018-04-05,-0.566341062746576
2018-04-06,-0.5653066342098779
2018-04-07,-0.5803551649393497
2018-04-08,-0.5643447974373703
2018-04-09,-0.557129419889756
2018-04-10,-0.5694011904518524
2018-04-11,-0.5657944112015423
2018-04-12,-0.5587957390830682
2018-04-13,-0.5006411997484046
2018-04-14,-0.5002409115437818
2018-04-15,-0.4968805041275969
2018-04-16,-0.47300200650193824
2018-04-17,-0.4879830033420888
2018-04-18,-0.49721303600232125
2018-04-19,-0.4798638193236363
2018-04-20,-0.46568456545508385
2018-04-21,-0.4504975014763364
2018-04-22,-0.4289708772130504
2018-04-23,-0.43302450372764567
2018-04-24,-0.4232399183030816
2018-04-25,-0.36952972682904983
2018-04-26,-0.430329450960961
2018-04-27,-0.4026080027430361
2018-04-28,-0.42159983231846665
2018-04-29,-0.40081410946843143
2018-04-30,-0.39587123069399077
2018-05-01,-0.40576342749176353
2018-05-02,-0.4151792494093046
2018-05-03,-0.4084544815845843
2018-05-04,-0.37659003094170074
2018-05-05,-0.3725729236001474
2018-05-06,-0.3617735895180463
2018-05-07,-0.37488460876486684
2018-05-08,-0.3945797600131947
2018-05-09,-0.4050213111856985
2018-05-10,-0.39951445472127767
2018-05-11,-0.41869395148132715
2018-05-12,-0.4550600358166874
2018-05-13,-0.4493622351186959
2018-05-14,-0.4345813902082527
2018-05-15,-0.4325984282889527
2018-05-16,-0.4474423710629385
2018-05-17,-0.45582504338924923
2018-05-18,-0.4759924966681346
2018-05-19,-0.4657391799735088
2018-05-20,-0.46778939426901023
2018-05-21,-0.45079870508725317
2018-05-22,-0.45772292379746937
2018-05-23,-0.48179689349096877
2018-05-24,-0.512292171229191
2018-05-25,-0.5106927177745372
2018-05-26,-0.5172002188577476
2018-05-27,-0.526435178887559
2018-05-28,-0.5278502402433385
2018-05-29,-0.545130294345533
2018-05-30,-0.5208068253819493
2018-05-31,-0.5260556639421192
2018-06-01,-0.5204055950987012
2018-06-02,-0.5181462856744876
2018-06-03,-0.5125962070091905
2018-06-04,-0.5064152741598599
2018-06-05,-0.518674238509498
2018-06-06,-0.511692108625593
2018-06-07,-0.509847318790027
2018-06-08,-0.5097975610397778
2018-06-09,-0.513197708634872
2018-06-10,-0.5229766906544918
2018-06-11,-0.5649335031690341
2018-06-12,-0.5581058939784237
2018-06-13,-0.5778568717411968
2018-06-14,-0.5943070841385618
2018-06-15,-0.5727214030972188
2018-06-16,-0.5889082182099623
2018-06-17,-0.5838160992446002
2018-06-18,-0.5874688414833715
2018-06-19,-0.5714028921705924
2018-06-20,-0.5686960660455065
2018-06-21,-0.5684045340341326
2018-06-22,-0.57044796874406
2018-06-23,-0.6097305332073304
2018-06-24,-0.6044033579264783
2018-06-25,-0.6064378159469861
2018-06-26,-0.6014120220628396
2018-06-27,-0.6137176603278349
2018-06-28,-0.6105071929557031
2018-06-29,-0.6256734051542736
2018-06-30,-0.6068681982394931
2018-07-01,-0.5951469498516091
2018-07-02,-0.5985688300555148
2018-07-03,-0.5799617001195687
2018-07-04,-0.5868260451453748
2018-07-05,-0.5826241606730618
2018-07-06,-0.5842011796388036
2018-07-07,-0.5804092087739786
2018-07-08,-0.570360613152648
2018-07-09,-0.5739411545235207
2018-07-10,-0.578496187583539
2018-07-11,-0.6010854775012604
2018-07-12,-0.5965501314824769
2018-07-13,-0.6059076533669698
2018-07-14,-0.6043135623261386
2018-07-15,-0.604170050618669
2018-07-16,-0.5969257851915565
2018-07-17,-0.5717086370643849
2018-07-18,-0.5377397104880979
2018-07-19,-0.5370827223484496
2018-07-20,-0.5319066630136325
2018-07-21,-0.540167127951143
2018-07-22,-0.5363782815519617
2018-07-23,-0.5358768061723722
2018-07-24,-0.5192735593528157
2018-07-25,-0.4758940311880011
2018-07-26,-0.49264130392427885
2018-07-27,-0.5056795139681195
2018-07-28,-0.49284260331514174
2018-07-29,-0.4905026170524305
2018-07-30,-0.4902134557640493
2018-07-31,-0.49169034586809635
2018-08-01,-0.5196893487882719
2018-08-02,-0.5276990313311689
2018-08-03,-0.5326326195347579
2018-08-04,-0.539475640627977
2018-08-05,-0.5636082317194412
2018-08-06,-0.5616545346340611
2018-08-07,-0.5685851421104973
2018-08-08,-0.5833197095031182
2018-08-09,-0.6115251322108806
2018-08-10,-0.5948412030241869
2018-08-11,-0.6183709046501147
2018-08-12,-0.6172800907676212
2018-08-13,-0.6106631705412535
2018-08-14,-0.6160035963604411
2018-08-15,-0.6210224653493334
2018-08-16,-0.6168180777667323
2018-08-17,-0.6142458524847487
2018-08-18,-0.5967535265590465
2018-08-19,-0.6095813186436824
2018-08-20,-0.6037194021899475
2018-08-21,-0.6194811001066463
2018-08-22,-0.6060855367558271
2018-08-23,-0.6145076004712445
2018-08-24,-0.6033193985952912
2018-08-25,-0.5934216018639291
2018-08-26,-0.5907258612076299
2018-08-27,-0.591652216302597
2018-08-28,-0.5778119362073589
2018-08-29,-0.5672389661334837
2018-08-30,-0.5697510912507404
2018-08-31,-0.5716361346427166
2018-09-01,-0.5708661200273968
2018-09-02,-0.5579721136960624
2018-09-03,-0.5531921064998162
2018-09-04,-0.5557992366967941
2018-09-05,-0.5502966960294964
2018-09-06,-0.5899350211257742
2018-09-07,-0.6049209260768881
2018-09-08,-0.6111916357912036
2018-09-09,-0.6247560623477603
2018-09-10,-0.6197591319718304
2018-09-11,-0.6166327763730058
2018-09-12,-0.6199265158851461
2018-09-13,-0.6171702143863824
2018-09-14,-0.6061188547141108
2018-09-15,-0.6053207354470242
2018-09-16,-0.6029009667588738
2018-09-17,-0.6043777707664778
2018-09-18,-0.6210171266195164
2018-09-19,-0.6142418721438879
2018-09-20,-0.6121771184575805
2018-09-21,-0.6044991832535851
2018-09-22,-0.5876165993228742
2018-09-23,-0.5884959571388457
2018-09-24,-0.5903770893210336
2018-09-25,-0.5984555844011827
2018-09-26,-0.608208146864915
2018-09-27,-0.6075842209661323
2018-09-28,-0.5921121167415193
2018-09-29,-0.5969713966809822
2018-09-30,-0.5980274937926986
2018-10-01,-0.5969035334525525
2018-10-02,-0.5986031074572181
2018-10-03,-0.6034518766820871
2018-10-04,-0.6055132737510269
2018-10-05,-0.6007049255370438
2018-10-06,-0.5978329809059355
2018-10-07,-0.5999531375476432
2018-10-08,-0.6001621097273442
2018-10-09,-0.595891244490908
2018-10-10,-0.5972201196727577
2018-10-11,-0.6004254981609756
2018-10-12,-0.623698150684852
2018-10-13,-0.6202964270277271
2018-10-14,-0.6181914646852152
2018-10-15,-0.6179738661528235
2018-10-16,-0.5975887424442734
2018-10-17,-0.5991408570071646
2018-10-18,-0.5993319407536372
2018-10-19,-0.6069290346353229
2018-10-20,-0.6089276116101556
2018-10-21,-0.6058326391405566
2018-10-22,-0.606113346826529
2018-10-23,-0.6073142325441543
2018-10-24,-0.6095725822909617
2018-10-25,-0.6090118793783184
2018-10-26,-0.6104551969037075
2018-10-27,-0.6097760467699744
2018-10-28,-0.6106211065423159
2018-10-29,-0.6089861489498913
2018-10-30,-0.6207553583136011
2018-10-31,-0.6182103073414899
2018-11-01,-0.6161450719853233
2018-11-02,-0.6152974927125807
2018-11-03,-0.6123650911836583
2018-11-04,-0.6146269573951315
2018-11-05,-0.6158607420569708
2018-11-06,-0.6119460019965783
2018-11-07,-0.6074972737736015
2018-11-08,-0.602133868872837
2018-11-09,-0.6074126670857365
2018-11-10,-0.6122448764263027
2018-11-11,-0.6111013444852044
2018-11-12,-0.611030441547805
2018-11-13,-0.612254503831108
2018-11-14,-0.6135036388235232
2018-11-15,-0.6504517051134097
2018-11-16,-0.6567221507064823
2018-11-17,-0.6615715438994805
2018-11-18,-0.6625005995942858
2018-11-19,-0.660188862280789
2018-11-20,-0.7057929646418635
2018-11-21,-0.7323126057142888
2018-11-22,-0.7221302086953502
2018-11-23,-0.7409514914222017
2018-11-24,-0.7372257179176445
2018-11-25,-0.7655948788355791
2018-11-26,-0.7572620896373923
2018-11-27,-0.7708181414406969
2018-11-28,-0.7695011798093432
2018-11-29,-0.7434898944656507
2018-11-30,-0.7432341178662484
2018-12-01,-0.7591410483839038
2018-12-02,-0.7484217868470643
2018-12-03,-0.7523904671425833
2018-12-04,-0.7672918245164448
2018-12-05,-0.7635054829737786
2018-12-06,-0.7752825117678853
2018-12-07,-0.7930168066399665
2018-12-08,-0.7961660552605526
2018-12-09,-0.7954109947662305
2018-12-10,-0.7876275810177945
2018-12-11,-0.7949882910654213
2018-12-12,-0.7984919813192782
2018-12-13,-0.7949431294673042
2018-12-14,-0.8035476396201611
2018-12-15,-0.8081981347998684
2018-12-16,-0.807698928353266
2018-12-17,-0.807778214272127
2018-12-18,-0.7901920471168049
2018-12-19,-0.781196195675794
2018-12-20,-0.7794490513469705
2018-12-21,-0.7557472043993656
2018-12-22,-0.769303211455202
2018-12-23,-0.7622224306162367
2018-12-24,-0.7622355586771715
2018-12-25,-0.7570201052502981
2018-12-26,-0.773220883702312
2018-12-27,-0.7717954505544415
2018-12-28,-0.784177583672883
2018-12-29,-0.7673318629812591
2018-12-30,-0.7715338313972158
2018-12-31,-0.7697750960053596
2019-01-01,-0.7769515709551447
2019-01-02,-0.7706204981248073
2019-01-03,-0.7651294991527766
2019-01-04,-0.7711859999420654
2019-01-05,-0.7685693983364055
2019-01-06,-0.7700237040999727
2019-01-07,-0.7566448172613435
2019-01-08,-0.758408895578957
2019-01-09,-0.7594550027220931
2019-01-10,-0.7587144747036407
2019-01-11,-0.7812722855694523
2019-01-12,-0.7809504894174244
2019-01-13,-0.7829381099411801
2019-01-14,-0.7896311916221229
2019-01-15,-0.7800122635317941
2019-01-16,-0.7851433137263921
2019-01-17,-0.7832146074307446
2019-01-18,-0.781857610251408
2019-01-19,-0.7834291967066058
2019-01-20,-0.7786636551839098
2019-01-21,-0.7869237339346941
2019-01-22,-0.7874794456580015
2019-01-23,-0.7849537202087271
2019-01-24,-0.7858815438611749
2019-01-25,-0.7852287181230043
2019-01-26,-0.7852673191240447
2019-01-27,-0.7852799830554527
2019-01-28,-0.7861702617525568
2019-01-29,-0.7937532495785398
2019-01-30,-0.7948993387515194
2019-01-31,-0.7920325549339019
2019-02-01,-0.7937222655564065
2019-02-02,-0.7917703260019866
2019-02-03,-0.7903337642999384
2019-02-04,-0.7923014138451281
2019-02-05,-0.7916654301197397
2019-02-06,-0.7912256141688785
2019-02-07,-0.7952047927886453
2019-02-08,-0.7957940866428481
2019-02-09,-0.7786906944421931
2019-02-10,-0.7783062479137899
2019-02-11,-0.7774242311496429
2019-02-12,-0.7800882595285885
2019-02-13,-0.7795700371120935
2019-02-14,-0.7812958550794831
2019-02-15,-0.7826621016121051
2019-02-16,-0.7818589443270286
2019-02-17,-0.7804960790980413
2019-02-18,-0.7773610588430472
2019-02-19,-0.7636797601243845
2019-02-20,-0.7619329547222456
2019-02-21,-0.7578648632012647
2019-02-22,-0.7608780297830778
2019-02-23,-0.7583102399016515
2019-02-24,-0.7494442295570514
2019-02-25,-0.7728751508761759
2019-02-26,-0.7678402397024426
2019-02-27,-0.7688876041061947
2019-02-28,-0.7687487406946057
2019-03-01,-0.7684713850651397
2019-03-02,-0.768332984410145
2019-03-03,-0.7681738539261586
2019-03-04,-0.7691373345049095
2019-03-05,-0.7750403882781884
2019-03-06,-0.7657461318864219
2019-03-07,-0.7650202871032156
2019-03-08,-0.764359498465874
2019-03-09,-0.7653506057046251
2019-03-10,-0.7602146317544425
2019-03-11,-0.7615006199596948
2019-03-12,-0.7653407635922229
2019-03-13,-0.7637358674300893
2019-03-14,-0.7645579186969106
2019-03-15,-0.7639755115138883
2019-03-16,-0.7607317319538315
2019-03-17,-0.7554776183428931
2019-03-18,-0.7572511280053377
2019-03-19,-0.7570913850669262
2019-03-20,-0.7555030345794262
2019-03-21,-0.7535122005555083
2019-03-22,-0.7575380068706767
2019-03-23,-0.7570580251976189
2019-03-24,-0.7557279085823995
2019-03-25,-0.7566000284113513
2019-03-26,-0.7606368790608928
2019-03-27,-0.7600901829069605
2019-03-28,-0.753819264348975
2019-03-29,-0.7542891213711118
2019-03-30,-0.7495684565448874
2019-03-31,-0.7494611108810948
2019-04-01,-0.748928128785157
2019-04-02,-0.7463119188283664
2019-04-03,-0.7028202328512293
2019-04-04,-0.6972695952835519
2019-04-05,-0.7007747644650615
2019-04-06,-0.6930253513207854
2019-04-07,-0.6913418025422478
2019-04-08,-0.6830008826766798
2019-04-09,-0.6777490500232188
2019-04-10,-0.6837683617081347
2019-04-11,-0.675916694555982
2019-04-12,-0.6923217577687115
2019-04-13,-0.6905797263193341
2019-04-14,-0.6911603677597355
2019-04-15,-0.6861176318676598
2019-04-16,-0.6932196492679328
2019-04-17,-0.6827488348844318
2019-04-18,-0.682614223998723
2019-04-19,-0.678556166553962
2019-04-20,-0.6781651894219722
2019-04-21,-0.6765999340532585
2019-04-22,-0.6769605110615595
2019-04-23,-0.6729487660473092
2019-04-24,-0.6633201136109323
2019-04-25,-0.6698991321249234
2019-04-26,-0.685105435045857
2019-04-27,-0.6794897022208717
2019-04-28,-0.6817727260858191
2019-04-29,-0.6819051413465884
2019-04-30,-0.6857056796313086
2019-05-01,-0.6795011854427224
2019-05-02,-0.6757869729366478
2019-05-03,-0.6701554007803576
2019-05-04,-0.6534113302111877
2019-05-05,-0.6496348799572432
2019-05-06,-0.6529278268072124
2019-05-07,-0.6542817882114678
2019-05-08,-0.6475149394864586
2019-05-09,-0.6409368018439631
2019-05-10,-0.6293988464523737
2019-05-11,-0.6176051282907206
2019-05-12,-0.5644081561755434
2019-05-13,-0.5825787309476638
2019-05-14,-0.533117279443015
2019-05-15,-0.5206165386318669
2019-05-16,-0.5059258735679844
2019-05-17,-0.5236058989679557
2019-05-18,-0.5559329505007006
2019-05-19,-0.5586171033264663
2019-05-20,-0.5057971217833955
2019-05-21,-0.517644125903918
2019-05-22,-0.5183403534977605
2019-05-23,-0.5364606872338396
2019-05-24,-0.5253559885918625
2019-05-25,-0.5177191632382733
2019-05-26,-0.5139941798544023
2019-05-27,-0.4787666496025065
2019-05-28,-0.46711411894253685
2019-05-29,-0.4724127499615166
2019-05-30,-0.47692214453604953
2019-05-31,-0.4976733107074375
2019-06-01,-0.48138386461433813
2019-06-02,-0.48306298760164657
2019-06-03,-0.4717907380064318
2019-06-04,-0.5061736604788729
2019-06-05,-0.5357041721105045
2019-06-06,-0.527560028716918
2019-06-07,-0.5266137464751792
2019-06-08,-0.5137371974663677
2019-06-09,-0.5195563528421037
2019-06-10,-0.5362806254546215
2019-06-11,-0.5150269616053962
2019-06-12,-0.5209661270388624
2019-06-13,-0.505477102991426
2019-06-14,-0.5014840883482352
2019-06-15,-0.47593196842417573
2019-06-16,-0.4669952480154679
2019-06-17,-0.4578509207774125
2019-06-18,-0.4386392901739332
2019-06-19,-0.45136373077375624
2019-06-20,-0.43996595172318154
2019-06-21,-0.42488754708094933
2019-06-22,-0.3907371434911795
2019-06-23,-0.3559677786634764
2019-06-24,-0.3485099260403981
2019-06-25,-0.33704544551117
2019-06-26,-0.29335510122117703
2019-06-27,-0.22553602024232344
2019-06-28,-0.3328664647427285
2019-06-29,-0.2645401768019823
2019-06-30,-0.2845154168374534
2019-07-01,-0.3491380493180658
2019-07-02,-0.3631463133368309
2019-07-03,-0.35349030852018004
2019-07-04,-0.2868543221411469
2019-07-05,-0.3303555435631086
2019-07-06,-0.34418235656283114
2019-07-07,-0.3274381744002849
2019-07-08,-0.3174272953049472
2019-07-09,-0.27008498915111634
2019-07-10,-0.2547126409552948
2019-07-11,-0.278077302933204
2019-07-12,-0.324445446400473
2019-07-13,-0.2999363840146225
2019-07-14,-0.32251905986626006
2019-07-15,-0.3909227390924026
2019-07-16,-0.3553807811513051
2019-07-17,-0.4368324694994239
2019-07-18,-0.4287145029220202
2019-07-19,-0.3711899786040648
2019-07-20,-0.37717065725696186
2019-07-21,-0.36278439697618925
2019-07-22,-0.3723613386144343
2019-07-23,-0.3882960359996799
2019-07-24,-0.4121443705272456
2019-07-25,-0.41951842226295877
2019-07-26,-0.41472042849107904
2019-07-27,-0.41645979242869324
2019-07-28,-0.44043477924204144
2019-07-29,-0.43525500868498757
2019-07-30,-0.4368426799384626
2019-07-31,-0.43369819206169835
2019-08-01,-0.40442628554255244
2019-08-02,-0.38768641338056864
2019-08-03,-0.3784649506445309
2019-08-04,-0.36338201363997236
2019-08-05,-0.3543764866110095
2019-08-06,-0.30420194033723835
2019-08-07,-0.3223510337184149
2019-08-08,-0.29636816462470505
2019-08-09,-0.2935534951643136
2019-08-10,-0.3045379929522749
2019-08-11,-0.334649964468669
2019-08-12,-0.32076026114618394
2019-08-13,-0.3310184653473648
2019-08-14,-0.358435121034804
2019-08-15,-0.41106286831378613
2019-08-16,-0.3949894339718887
2019-08-17,-0.3937068232735096
2019-08-18,-0.39958045930062924
2019-08-19,-0.3938493271700809
2019-08-20,-0.35992308513709514
2019-08-21,-0.369303234040794
2019-08-22,-0.4052804437055155
2019-08-23,-0.40473308947397524
2019-08-24,-0.3897452660298819
2019-08-25,-0.403816473286306
2019-08-26,-0.4072878027626613
2019-08-27,-0.39318298201012725
2019-08-28,-0.4028813000956851
2019-08-29,-0.42792363636106356
2019-08-30,-0.44391140453525246
2019-08-31,-0.4379560240525704
2019-09-01,-0.43680373715125764
2019-09-02,-0.42986524071307686
2019-09-03,-0.3956172923654966
2019-09-04,-0.37853316237750134
2019-09-05,-0.3816920885212157
2019-09-06,-0.3819939024444118
2019-09-07,-0.39472899599151645
2019-09-08,-0.3875543406028068
2019-09-09,-0.39027407409172343
2019-09-10,-0.39507725119964954
2019-09-11,-0.40666903986568737
2019-09-12,-0.4052579861795085
2019-09-13,-0.3907689384857045
2019-09-14,-0.3929038687880426
2019-09-15,-0.3928533067001537
2019-09-16,-0.39549024184757464
2019-09-17,-0.39674994494427474
2019-09-18,-0.39954159516204646
2019-09-19,-0.4015934118593433
2019-09-20,-0.39554441347047486
2019-09-21,-0.4002741519895211
2019-09-22,-0.4110391377203514
2019-09-23,-0.40893710227534985
2019-09-24,-0.4295370658306459
2019-09-25,-0.4893253980620983
2019-09-26,-0.5037488178264212
2019-09-27,-0.5240472742709161
2019-09-28,-0.5186144750593453
2019-09-29,-0.5162480661677229
2019-09-30,-0.5258678116146864
2019-10-01,-0.5133349899719107
2019-10-02,-0.5078658748654775
2019-10-03,-0.5087994153873404
2019-10-04,-0.5188763084998442
2019-10-05,-0.5200965345382214
2019-10-06,-0.5209637306480974
2019-10-07,-0.5356362731886641
2019-10-08,-0.518239033726188
2019-10-09,-0.5183293069496775
2019-10-10,-0.49498373894896897
2019-10-11,-0.49596204764126084
2019-10-12,-0.5129445234994343
2019-10-13,-0.511138774965198
2019-10-14,-0.5120432470367902
2019-10-15,-0.5084137964599758
2019-10-16,-0.5185622262324932
2019-10-17,-0.528599030595186
2019-10-18,-0.5242870973842884
2019-10-19,-0.5316714879087425
2019-10-20,-0.5321562702903189
2019-10-21,-0.5171425286613487
2019-10-22,-0.516513268001215
2019-10-23,-0.5268028843353709
2019-10-24,-0.5605933306041851
2019-10-25,-0.5625844795546291
2019-10-26,-0.49148312460475174
2019-10-27,-0.4595646927460538
2019-10-28,-0.4429455344225165
2019-10-29,-0.45795986439538594
2019-10-30,-0.4477769089167378
2019-10-31,-0.46170243744048556
2019-11-01,-0.46285526490775564
2019-11-02,-0.45821226114088276
2019-11-03,-0.4542387173279657
2019-11-04,-0.45995553306679815
2019-11-05,-0.44957781510380757
2019-11-06,-0.45363643037791557
2019-11-07,-0.45121508122482457
2019-11-08,-0.45847989020188773
2019-11-09,-0.4829997687615851
2019-11-10,-0.48202782745099293
2019-11-11,-0.46831423998610777
2019-11-12,-0.4865278832679303
2019-11-13,-0.4820378799100986
2019-11-14,-0.48404578249651975
2019-11-15,-0.49111149709177526
2019-11-16,-0.5012612368928746
2019-11-17,-0.5001839655941376
2019-11-18,-0.49939123702001875
2019-11-19,-0.5174540356198538
2019-11-20,-0.521257674402479
2019-11-21,-0.5238645715365036
2019-11-22,-0.5513878157155943
2019-11-23,-0.5717756840548129
2019-11-24,-0.5706841776059484
2019-11-25,-0.5930122832506903
2019-11-26,-0.5823054484188647
2019-11-27,-0.5799175880203165
2019-11-28,-0.5610677351546236
2019-11-29,-0.5636836560663337
2019-11-30,-0.5471227467278281
2019-12-01,-0.5567839572354705
2019-12-02,-0.565456295839953
2019-12-03,-0.5712836498446069
2019-12-04,-0.5727316248965031
2019-12-05,-0.5772057858264414
2019-12-06,-0.5677810973708808
2019-12-07,-0.5586573597658138
2019-12-08,-0.5608872146792943
2019-12-09,-0.559883515143578
2019-12-10,-0.5692862001798211
2019-12-11,-0.5759135373718819
2019-12-12,-0.5781728824747207
2019-12-13,-0.5778487827228668
2019-12-14,-0.5751519288151062
2019-12-15,-0.5848402400485431
2019-12-16,-0.5832230964508422
2019-12-17,-0.5960205243084433
2019-12-18,-0.6126590600781778
2019-12-19,-0.5749023599885723
2019-12-20,-0.5822399020112172
2019-12-21,-0.580317435591726
2019-12-22,-0.5829435945813222
2019-12-23,-0.5627753142782803
2019-12-24,-0.5718370208469452
2019-12-25,-0.5758409134429778
2019-12-26,-0.5796069336558183
2019-12-27,-0.5793713100336026
2019-12-28,-0.5770805759718369
2019-12-29,-0.5733116723359859
2019-12-30,-0.5678794927865447
2019-12-31,-0.5769367626340507
2020-01-01,-0.5797542338513382
2020-01-02,-0.5797098333931078
2020-01-03,-0.5931900137242991
2020-01-04,-0.5733584746815806
2020-01-05,-0.5702555611669295
2020-01-06,-0.5699670272483874
2020-01-07,-0.5471845329487461
2020-01-08,-0.5239206039634258
2020-01-09,-0.5300618941030593
2020-01-10,-0.5423817579926864
2020-01-11,-0.5216814879148218
2020-01-12,-0.5309825027571603
2020-01-13,-0.5214895936080389
2020-01-14,-0.524945132490352
2020-01-15,-0.48285286384667314
2020-01-16,-0.47926256069865525
2020-01-17,-0.48535979381187644
2020-01-18,-0.4751723545082521
2020-01-19,-0.4756078783921057
2020-01-20,-0.488226344204737
2020-01-21,-0.4913274908539107
2020-01-22,-0.48574388874471164
2020-01-23,-0.4893704495102147
2020-01-24,-0.504355027644933
2020-01-25,-0.5035310534659876
2020-01-26,-0.508307092058029
2020-01-27,-0.4932550926051614
2020-01-28,-0.4768341602373589
2020-01-29,-0.45123149940793483
2020-01-30,-0.4534901073881463
2020-01-31,-0.43914234111101313
2020-02-01,-0.4513387708497918
2020-02-02,-0.4477277422650616
2020-02-03,-0.4489660544869081
2020-02-04,-0.4505504074433285
2020-02-05,-0.4582691008247295
2020-02-06,-0.4331126096891691
2020-02-07,-0.42397618669185944
2020-02-08,-0.42021863027066575
2020-02-09,-0.41449677731788825
2020-02-10,-0.39939911806520845
2020-02-11,-0.4143257334100776
2020-02-12,-0.39427135692146187
2020-02-13,-0.38648512658306255
2020-02-14,-0.3925775167455604
2020-02-15,-0.3857515730618899
2020-02-16,-0.4122225952379247
2020-02-17,-0.4100559401415157
2020-02-18,-0.4221441877179629
2020-02-19,-0.39785788051540527
2020-02-20,-0.42937815764284126
2020-02-21,-0.4301182508223861
2020-02-22,-0.4256690341333119
2020-02-23,-0.4268547731233049
2020-02-24,-0.40921810238544387
2020-02-25,-0.4258917980718353
2020-02-26,-0.4460710304961295
2020-02-27,-0.47950320864855567
2020-02-28,-0.4803760154063559
2020-02-29,-0.4839287311204704
2020-03-01,-0.49402166783517665
2020-03-02,-0.4931926357213935
2020-03-03,-0.47281463725577955
2020-03-04,-0.4817979991700406
2020-03-05,-0.48181140477602047
2020-03-06,-0.4654235008929153
2020-03-07,-0.45869431274827244
2020-03-08,-0.47283798611341776
2020-03-09,-0.525284385103765
2020-03-10,-0.532089385228141
2020-03-11,-0.5328281618605247
2020-03-12,-0.5318164189888769
2020-03-13,-0.6977424742820373
2020-03-14,-0.6729432772047897
2020-03-15,-0.6926159794613166
2020-03-16,-0.6818879115497184
2020-03-17,-0.7038793000111336
2020-03-18,-0.6829734719816741
2020-03-19,-0.6828719330924241
2020-03-20,-0.6361965623465246
2020-03-21,-0.6347811735809445
2020-03-22,-0.6376195717744938
2020-03-23,-0.6550216860047613
2020-03-24,-0.6198034081377944
2020-03-25,-0.6040531256908805
2020-03-26,-0.60630841564424
2020-03-27,-0.6020648905757685
2020-03-28,-0.6235730147297112
2020-03-29,-0.6317282815582241
2020-03-30,-0.651698657866024
2020-03-31,-0.6232435043316834
2020-04-01,-0.6221425297647499
2020-04-02,-0.6094957635578513
2020-04-03,-0.5996152105622563
2020-04-04,-0.6038397654781902
2020-04-05,-0.5963985881299525
2020-04-06,-0.6006401106433384
2020-04-07,-0.569573582154099
2020-04-08,-0.5756675809788574
2020-04-09,-0.5666453339230964
2020-04-10,-0.5690887892961546
2020-04-11,-0.5949385694846656
2020-04-12,-0.5940355281450611
2020-04-13,-0.5920689787749769
2020-04-14,-0.595425039113856
2020-04-15,-0.5952087512901317
2020-04-16,-0.6088203334689954
2020-04-17,-0.5828698311131795
2020-04-18,-0.5843219870063661
2020-04-19,-0.5712713432995271
2020-04-20,-0.5783074488893996
2020-04-21,-0.5946763938759442
2020-04-22,-0.5954930021327359
2020-04-23,-0.5791872671246064
2020-04-24,-0.5635749824440845
2020-04-25,-0.5568858307093866
2020-04-26,-0.5537834197769227
2020-04-27,-0.545445897046045
2020-04-28,-0.5404576383078419
2020-04-29,-0.5412793457270197
2020-04-30,-0.48399362104099075
2020-05-01,-0.49256514445636945
2020-05-02,-0.4798801522266545
2020-05-03,-0.4715982289514712
2020-05-04,-0.4764243329023162
2020-05-05,-0.4769972218357552
2020-05-06,-0.47040301706668974
2020-05-07,-0.4628689319847493
2020-05-08,-0.4158496452889964
2020-05-09,-0.42348594847932486
2020-05-10,-0.4381568798279567
2020-05-11,-0.486303193942505
2020-05-12,-0.49501230345077063
2020-05-13,-0.4841448749432491
2020-05-14,-0.4554385232096074
2020-05-15,-0.4260563036846928
2020-05-16,-0.45439705993710267
2020-05-17,-0.4501838887418681
2020-05-18,-0.43321881638868476
2020-05-19,-0.4302386816414995
2020-05-20,-0.42723943979937296
2020-05-21,-0.4407093312607955
2020-05-22,-0.46818229744667605
2020-05-23,-0.46356596318551235
2020-05-24,-0.4613686909194742
2020-05-25,-0.4867816921291359
2020-05-26,-0.4778312861770937
2020-05-27,-0.48061299391434686
2020-05-28,-0.4611025563336997
2020-05-29,-0.4392027025576898
2020-05-30,-0.4459546244975098
2020-05-31,-0.43085923658879954
2020-06-01,-0.4427994943700533
2020-06-02,-0.40183072484678284
2020-06-03,-0.43966932214231913
2020-06-04,-0.4318641965325466
2020-06-05,-0.42435820486007414
2020-06-06,-0.4325575576040942
2020-06-07,-0.4309844521389694
2020-06-08,-0.4266073770300809
2020-06-09,-0.4245732214052267
2020-06-10,-0.42508453305369964
2020-06-11,-0.4186811859676186
2020-06-12,-0.4512213850085819
2020-06-13,-0.4426322912406704
2020-06-14,-0.4425154866502602
2020-06-15,-0.4500161050664875
2020-06-16,-0.44529010966590965
2020-06-17,-0.439731367514125
2020-06-18,-0.4432974709140608
2020-06-19,-0.44711417879672366
2020-06-20,-0.4523289915872507
2020-06-21,-0.4495398199544606
2020-06-22,-0.45319958315518616
2020-06-23,-0.43053820731322445
2020-06-24,-0.4335407285750956
2020-06-25,-0.4532957103411407
2020-06-26,-0.45514720403482933
2020-06-27,-0.4605296410140193
2020-06-28,-0.4700231455715802
2020-06-29,-0.46258085462065157
2020-06-30,-0.45974097112432644
2020-07-01,-0.461975327089556
2020-07-02,-0.4570495041707645
2020-07-03,-0.46516138228562876
2020-07-04,-0.4665434799806305
2020-07-05,-0.4627131394980154
2020-07-06,-0.465391880218031
2020-07-07,-0.44984166378502755
2020-07-08,-0.455041082606233
2020-07-09,-0.4442014809527125
2020-07-10,-0.4557103189928723
2020-07-11,-0.4530987254505794
2020-07-12,-0.4558567688464581
2020-07-13,-0.4521147456301925
2020-07-14,-0.4554981934855933
2020-07-15,-0.4551240816121097
2020-07-16,-0.4577936747807697
2020-07-17,-0.462051844936864
2020-07-18,-0.4609918601114532
2020-07-19,-0.46012986873000516
2020-07-20,-0.45790165389929915
2020-07-21,-0.4604229487381333
2020-07-22,-0.44714533561431213
2020-07-23,-0.43853425626500475
2020-07-24,-0.4335923483815727
2020-07-25,-0.4364647700731614
2020-07-26,-0.42572960420859307
2020-07-27,-0.41219802648918
2020-07-28,-0.35252416413604803
2020-07-29,-0.3556866081449779
2020-07-30,-0.34489171104266136
2020-07-31,-0.34251497395540775
2020-08-01,-0.3298731948370225
2020-08-02,-0.2990891620359529
2020-08-03,-0.343088080536769
2020-08-04,-0.33255706807848084
2020-08-05,-0.335251983965719
2020-08-06,-0.30376481378776343
2020-08-07,-0.3008606950156205
2020-08-08,-0.31327219722952493
2020-08-09,-0.3028837501745766
2020-08-10,-0.306293850615869
2020-08-11,-0.29580925052575846
2020-08-12,-0.3237062996055059
2020-08-13,-0.3127422218423134
2020-08-14,-0.29684369862519067
2020-08-15,-0.29843487963738424
2020-08-16,-0.2935415972267409
2020-08-17,-0.29115097555034375
2020-08-18,-0.2699569778387917
2020-08-19,-0.28908850703514966
2020-08-20,-0.30273869943014786
2020-08-21,-0.2945986794485784
2020-08-22,-0.3164402371629468
2020-08-23,-0.3064970612238148
2020-08-24,-0.30840317231903225
2020-08-25,-0.30094429769012987
2020-08-26,-0.32612225520006466
2020-08-27,-0.3194479697562287
2020-08-28,-0.32921226412901505
2020-08-29,-0.3159096167158725
2020-08-30,-0.3177986261273904
2020-08-31,-0.30319548986294587
2020-09-01,-0.3046190762121562
2020-09-02,-0.2894162400249326
2020-09-03,-0.3190464598400269
2020-09-04,-0.3931339914777898
2020-09-05,-0.3760852434284172
2020-09-06,-0.39699712413183874
2020-09-07,-0.39094663694091647
2020-09-08,-0.38505699394419757
2020-09-09,-0.39922994501792997
2020-09-10,-0.39237130860366387
2020-09-11,-0.384970186392663
2020-09-12,-0.38250060528141616
2020-09-13,-0.3778498280919861
2020-09-14,-0.3855842568110688
2020-09-15,-0.3661151893252691
2020-09-16,-0.36000204672587277
2020-09-17,-0.3506336791025342
2020-09-18,-0.3501012546167782
2020-09-19,-0.3511179849451248
2020-09-20,-0.34203172485155053
2020-09-21,-0.3522109420869166
2020-09-22,-0.38187623953130356
2020-09-23,-0.3765837942702762
2020-09-24,-0.3954244440416015
2020-09-25,-0.36499945929469935
2020-09-26,-0.36728095621037005
2020-09-27,-0.3635141926993253
2020-09-28,-0.3621275404556169
2020-09-29,-0.3676400988954308
2020-09-30,-0.3577952208073433
2020-10-01,-0.3614695811885138
2020-10-02,-0.3700820439313387
2020-10-03,-0.3738215984059927
2020-10-04,-0.37522477645274976
2020-10-05,-0.3676836693712936
2020-10-06,-0.3611693539824169
2020-10-07,-0.37219784604231865
2020-10-08,-0.3685655276128459
2020-10-09,-0.3555317615738236
2020-10-10,-0.34463709027442146
2020-10-11,-0.3316262457728697
2020-10-12,-0.3258874739777087
2020-10-13,-0.3156776682205692
2020-10-14,-0.3227253373636847
2020-10-15,-0.32235602017275466
2020-10-16,-0.3191231398390232
2020-10-17,-0.33010308333960225
2020-10-18,-0.3272663451703721
2020-10-19,-0.3193046945954784
2020-10-20,-0.3042919585287569
2020-10-21,-0.2964236787430392
2020-10-22,-0.2436670416166441
2020-10-23,-0.23410766040873132
2020-10-24,-0.23573631684255747
2020-10-25,-0.22520862317123358
2020-10-26,-0.23050628945074103
2020-10-27,-0.2291517730660576
2020-10-28,-0.19474192224267095
2020-10-29,-0.21698378476735458
2020-10-30,-0.2082834308541679
2020-10-31,-0.20304453821660873
2020-11-01,-0.18909710149146386
2020-11-02,-0.19198865856769654
2020-11-03,-0.20209974664688124
2020-11-04,-0.17755572139276554
2020-11-05,-0.17036985269492055
2020-11-06,-0.08687961697067725
2020-11-07,-0.08454381408589107
2020-11-08,-0.12744861794321738
2020-11-09,-0.08769015665182944
2020-11-10,-0.09751479697322374
2020-11-11,-0.10047872990017159
2020-11-12,-0.07651163826429985
2020-11-13,-0.043292859084846924
2020-11-14,-0.038711567773004885
2020-11-15,-0.05266327476305732
2020-11-16,-0.059958055224154316
2020-11-17,-0.016956252885460432
2020-11-18,0.0376273792265025
2020-11-19,0.0472156379676536
2020-11-20,0.04672195838530713
2020-11-21,0.094841749920481
2020-11-22,0.10149102427802936
2020-11-23,0.08476817031141604
2020-11-24,0.08635810192790938
2020-11-25,0.12875333807287492
2020-11-26,0.1064235929422237
2020-11-27,0.01072572873929123
2020-11-28,0.010772377320735327
2020-11-29,0.04586467854609122
2020-11-30,0.07388120467011827
2020-12-01,0.1583137925778122
2020-12-02,0.11380440248849744
2020-12-03,0.13448292028283726
2020-12-04,0.14845197751705497
2020-12-05,0.1038322496715709
2020-12-06,0.12985983215292962
2020-12-07,0.14073280654004772
2020-12-08,0.1329859948081027
2020-12-09,0.08113965932143263
2020-12-10,0.09529763094717847
2020-12-11,0.07705968845331013
2020-12-12,0.06454072875340966
2020-12-13,0.10858604593766241
2020-12-14,0.12982617076401826
2020-12-15,0.1357376760833393
2020-12-16,0.14563899360407384
2020-12-17,0.2562168536736602
2020-12-18,0.3416236868048017
2020-12-19,0.36048572162646564
2020-12-20,0.4036693882114146
2020-12-21,0.3827737991111857
2020-12-22,0.34179921234595856
2020-12-23,0.3978855284327585
2020-12-24,0.3661162949704244
2020-12-25,0.39404772917261566
2020-12-26,0.4475920311190271
2020-12-27,0.5508443347112535
2020-12-28,0.5507157183373068
2020-12-29,0.5932474316623968
2020-12-30,0.610235621224408
2020-12-31,0.6910103066890287
2021-01-01,0.7002807012736063
2021-01-02,0.717927675074775
2021-01-03,0.8804783242772061
2021-01-04,0.9405132259165916
2021-01-05,0.8587152019645032
2021-01-06,1.009078442690177
2021-01-07,1.177415533828691
2021-01-08,1.327028617143172
2021-01-09,1.3984699178549294
2021-01-10,1.3735787725288597
2021-01-11,1.2669155234549105
2021-01-12,1.0991495429639908
2021-01-13,0.9981699177731025
2021-01-14,1.2035641452884036
2021-01-15,1.3092742820962173
2021-01-16,1.1672858374210202
2021-01-17,1.1408439484561885
2021-01-18,1.1149616904438067
2021-01-19,1.162091738193217
2021-01-20,1.141271299597952
2021-01-21,1.1116873248903185
2021-01-22,0.8295808711101138
2021-01-23,0.9526299101811251
2021-01-24,0.9019178478107752
2021-01-25,0.9230207134898791
2021-01-26,0.9245511451020321
2021-01-27,0.9378910206049074
2021-01-28,0.8099522031894428
2021-01-29,0.967188936765162
2021-01-30,1.028198654408068
2021-01-31,1.030504550682522
2021-02-01,0.9628050127429424
2021-02-02,0.9856299303747873
2021-02-03,1.112605469856157
2021-02-04,1.235883438272043
2021-02-05,1.1925839001895016
2021-02-06,1.269631875464897
2021-02-07,1.3395260874461545
2021-02-08,1.3094360035277588
2021-02-09,1.7428824242402552
2021-02-10,1.7615675089744043
2021-02-11,1.6638987015304223
2021-02-12,1.8357203516372058
2021-02-13,1.8179839055761793
2021-02-14,1.796406166564295
2021-02-15,1.8880723580798668
2021-02-16,1.8467920935813638
2021-02-17,1.9228179362618696
2021-02-18,2.0953027161222217
2021-02-19,2.079464817780456
2021-02-20,2.3363658893834076
2021-02-21,2.3465825579914554
2021-02-22,2.4226959838802604
2021-02-23,2.2252442373668795
2021-02-24,1.8821288114122394
2021-02-25,1.953662197379567
2021-02-26,1.7804383409752549
2021-02-27,1.7524958346872737
2021-02-28,1.7607389420774844
2021-03-01,1.6593013342421798
2021-03-02,1.9455657014229604
2021-03-03,1.8693057591998405
2021-03-04,1.9908775021711902
2021-03-05,1.8825417121156125
2021-03-06,1.9022315119399735
2021-03-07,1.905263131536561
2021-03-08,2.0404516169780034
2021-03-09,2.104380359309723
2021-03-10,2.2458073116568227
2021-03-11,2.3150845617896336
2021-03-12,2.4172357411737027
2021-03-13,2.388643065197184
2021-03-14,2.623979104331488
2021-03-15,2.5119060363031154
2021-03-16,2.3001632164304335
2021-03-17,2.3596568573814207
2021-03-18,2.4858306410119564
2021-03-19,2.420207446154055
2021-03-20,2.4405112939036195
2021-03-21,2.448263351591786
2021-03-22,2.400586207231512
2021-03-23,2.211562818870827
2021-03-24,2.2228797855154023
2021-03-25,2.0992861543917245
2021-03-26,2.0354284887552887
2021-03-27,2.2492943362480466
2021-03-28,2.2961213167501455
2021-03-29,2.289046113225448
2021-03-30,2.4056341842555393
2021-03-31,2.467650923165366
2021-04-01,2.480348008123288
2021-04-02,2.4853892542467397
2021-04-03,2.51049057378107
2021-04-04,2.387571341031108
2021-04-05,2.461920131741412
2021-04-06,2.4923165783257777
2021-04-07,2.4600938705684285
2021-04-08,2.3399252673141895
2021-04-09,2.457966045052832
2021-04-10,2.4636957668942303
2021-04-11,2.575257905966367
2021-04-12,2.5792613878461728
2021-04-13,2.577925644804368
2021-04-14,2.794000526582318
2021-04-15,2.7582375547624567
2021-04-16,2.785850359473843
2021-04-17,2.6882344136899214
2021-04-18,2.613170425704751
2021-04-19,2.3756507802103175
2021-04-20,2.338506071982291
2021-04-21,2.385467436814025
2021-04-22,2.2661208292269137
2021-04-23,2.139634926472727
2021-04-24,2.0913800606756503
2021-04-25,2.0194344485789872
2021-04-26,1.959935561130239
2021-04-27,2.2603500357053106
2021-04-28,2.3276270122272673
2021-04-29,2.322632183380833
2021-04-30,2.2561514114895465
2021-05-01,2.501086863134389
2021-05-02,2.509911948302306
2021-05-03,2.4410708444094817
2021-05-04,2.508375980781098
2021-05-05,2.283853735206997
2021-05-06,2.5317175855653984
2021-05-07,2.479253786493069
2021-05-08,2.5244866470744363
2021-05-09,2.629241856992915
2021-05-10,2.6017180983851667
2021-05-11,2.468828774265519
2021-05-12,2.544657462437202
2021-05-13,2.1250717297828245
2021-05-14,2.1128588960238694
2021-05-15,2.1319506075341548
2021-05-16,1.9245617739130538
2021-05-17,1.9098795561958202
2021-05-18,1.727486258728788
2021-05-19,1.695794817119634
2021-05-20,1.295010684422115
2021-05-21,1.4942963945856036
2021-05-22,1.2905537579636643
2021-05-23,1.2923508838301312
2021-05-24,1.1324832404678755
2021-05-25,1.379089075343563
2021-05-26,1.3573644109656855
2021-05-27,1.4397800180800693
2021-05-28,1.387087904045151
2021-05-29,1.199255070030416
2021-05-30,1.1361145211638735
2021-05-31,1.1967552206029697
2021-06-01,1.3099271081824568
2021-06-02,1.268078893285669
2021-06-03,1.3331046146229375
2021-06-04,1.4263406212369487
2021-06-05,1.28778959832596
2021-06-06,1.2039557393555644
2021-06-07,1.225640632736508
2021-06-08,1.0795290013586665
2021-06-09,1.0821890643066472
2021-06-10,1.3162652499596117
2021-06-11,1.2698747665426815
2021-06-12,1.283455711072604
2021-06-13,1.1926752715522713
2021-06-14,1.3998104881973052
2021-06-15,1.4884608180125194
2021-06-16,1.4724506820508565
2021-06-17,1.3425214458928765
2021-06-18,1.3366113909329327
2021-06-19,1.1952077381949762
2021-06-20,1.1745922837853398
2021-06-21,1.1909845796730427
2021-06-22,0.9332975688548646
2021-06-23,0.9754783976410901
2021-06-24,1.0515906481275379
2021-06-25,1.108980169854462
2021-06-26,0.9431167012293942
2021-06-27,0.9463657226797391
2021-06-28,1.102767583258589
2021-06-29,1.107042351537939
2021-06-30,1.1930124231316186
2021-07-01,1.1546191233525156
2021-07-02,1.0595085536334476
2021-07-03,1.076737387607389
2021-07-04,1.1257424086901233
2021-07-05,1.1700515705096874
2021-07-06,1.0796460703537223
2021-07-07,1.099056441232734
2021-07-08,1.0869441275056113
2021-07-09,1.0178182704139007
2021-07-10,1.079001386351357
2021-07-11,1.0619044251955159
2021-07-12,1.097036472731161
2021-07-13,1.0322323695850253
2021-07-14,0.9926133237219616
2021-07-15,1.0070863104963679
2021-07-16,0.9367885331726302
2021-07-17,0.9148805118119885
2021-07-18,0.9269981640967964
2021-07-19,0.946247282242282
2021-07-20,0.8851781351933592
2021-07-21,0.8273224395644398
2021-07-22,0.978711768853415
2021-07-23,0.9818006736078007
2021-07-24,1.0465805018848857
2021-07-25,1.0934432596105932
2021-07-26,1.1656249054158287
2021-07-27,1.2702985207049569
2021-07-28,1.3764444780835885
2021-07-29,1.43162675212504
2021-07-30,1.4342222752640703
2021-07-31,1.5503513165316742
2021-08-01,1.5451322313451463
2021-08-02,1.4411109323466649
2021-08-03,1.4083385979376812
2021-08-04,1.3507379610720318
2021-08-05,1.4417302412479014
2021-08-06,1.5084584745381169
2021-08-07,1.6247985626288894
2021-08-08,1.7456958200810089
2021-08-09,1.685385927616026
2021-08-10,1.8415462154743452
2021-08-11,1.8034491179782512
2021-08-12,1.8069116474156712
2021-08-13,1.7339249547994249
2021-08-14,1.9352267281469508
2021-08-15,1.8966795828208358
2021-08-16,1.8964424808666598
2021-08-17,1.8306476281937103
2021-08-18,1.7357826045531364
2021-08-19,1.765614930189412
2021-08-20,1.8717923742967222
2021-08-21,2.020884531891797
2021-08-22,2.003023378723468
2021-08-23,2.0232193181925884
2021-08-24,2.046639773823287
2021-08-25,1.9457578346546613
2021-08-26,2.0116024879491685
2021-08-27,1.9019636709340597
2021-08-28,2.016424357079889
2021-08-29,2.0060814240766485
2021-08-30,2.0028342087884528
2021-08-31,1.899788221458992
2021-09-01,1.924417753751781
2021-09-02,2.0312180074043282
2021-09-03,2.0604255011371264
2021-09-04,2.104489942289936
2021-09-05,2.1076275663492
2021-09-06,2.207789767822854
2021-09-07,2.265290338123591
2021-09-08,1.9019152548335292
2021-09-09,1.8530109354500373
2021-09-10,1.8747075052422835
2021-09-11,1.7625617422763082
2021-09-12,1.788666396309135
2021-09-13,1.8553603592493269
2021-09-14,1.7874597917340798
2021-09-15,1.9088361136888952
2021-09-16,1.979418207402793
2021-09-17,1.9603226073216065
2021-09-18,1.912382582326591
2021-09-19,1.972485564667251
2021-09-20,1.9158276147954623
2021-09-21,1.6391755713511968
2021-09-22,1.4792487709925441
2021-09-23,1.6830189348586604
2021-09-24,1.7678447404573645
2021-09-25,1.625282141497883
2021-09-26,1.631874796360342
2021-09-27,1.6649821409283376
2021-09-28,1.5950518218160563
2021-09-29,1.5161748336940422
2021-09-30,1.5546935328842197
2021-10-01,1.6945490242884778
2021-10-02,1.9591320940589423
2021-10-03,1.9420032036899055
2021-10-04,1.9726732123608448
2021-10-05,2.025352851920501
2021-10-06,2.1708617567107007
2021-10-07,2.387060460408312
2021-10-08,2.3015489547533674
2021-10-09,2.304700129684752
2021-10-10,2.3701824012583175
2021-10-11,2.3359614851298223
2021-10-12,2.5047598364760066
2021-10-13,2.4334697456437633
2021-10-14,2.5069571817290583
2021-10-15,2.516106452934326
2021-10-16,2.7691643402329444
2021-10-17,2.7302090803056815
2021-10-18,2.7535848952968736
2021-10-19,2.773348515220571
2021-10-20,2.923150377177764
2021-10-21,3.0391229414538428
2021-10-22,2.821795623973563
2021-10-23,2.7314998326321165
2021-10-24,2.7735109881047855
2021-10-25,2.7457850263886514
2021-10-26,2.8708501092235035
2021-10-27,2.7169651105671897
2021-10-28,2.590105436262341
2021-10-29,2.733271277109033
2021-10-30,2.8295143647652474
2021-10-31,2.7979320922053286
2021-11-01,2.775886938417167
2021-11-02,2.759980063198212
2021-11-03,2.89641073449982
2021-11-04,2.8916186653910683
2021-11-05,2.8009311193441304
